{
    "[8, 3]": 3.8565655552434737,
    "[8, 6]": 3.1897993592171834,
    "[16, 3]": 4.346217218606056,
    "[16, 6]": 3.713684120776331,
    "[32, 3]": 4.489530831646479,
    "[32, 6]": 5.0736919062570776,
    "[48, 3]": 4.763257859470633,
    "[48, 6]": 5.193639149736084,
    "[64, 3]": 5.202098681683131,
    "[64, 6]": 4.98119264538968
}      
