{
    "[48, 6, 'SuperPoint_GGhost', 4, 4000, 0.015, 150, 15, 10]": 5.5600000000000005,
    "[8, 6, 'SuperPointNet_MobileNet', 4, 4000, 0.015, 150, 20, 10]": 4.59,
    "[16, 6, 'SuperPoint_GGhost', 4, 4000, 0.015, 150, 6, 10]": 5.29,
    "[32, 6, 'SuperPointNet_GhostNet', 4, 4000, 0.015, 150, 10, 10]": 5.7700000000000005,
    "[48, 6, 'SuperPointNet_MobileNet', 4, 4000, 0.015, 150, 10, 10]": 4.87,
    "[8, 3, 'SuperPoint_GGhost', 4, 4000, 0.015, 150, 6, 10]": 5.75,
    "[8, 6, 'SuperPointNet_MobileNet', 4, 4000, 0.015, 150, 6, 10]": 4.34,
    "[64, 3, 'SuperPoint_GGhost', 4, 4000, 0.015, 150, 3, 10]": 2.8000000000000003,
    "[16, 3, 'SuperPoint_GGhost', 4, 4000, 0.015, 150, 15, 10]": 6.88,
    "[8, 3, 'SuperPointNet_MobileNet', 4, 4000, 0.015, 150, 15, 10]": 5.38,
    "[16, 3, 'SuperPointNet_MobileNet', 4, 4000, 0.015, 150, 10, 10]": 5.88,
    "[48, 6, 'SuperPointNet_MobileNet', 4, 4000, 0.015, 150, 6, 10]": 4.54,
    "[32, 6, 'SuperPoint_GGhost', 4, 4000, 0.015, 150, 6, 10]": 6.16,
    "[64, 6, 'SuperPoint_GGhost', 4, 4000, 0.015, 150, 10, 10]": 4.7700000000000005,
    "[64, 3, 'SuperPoint', 4, 4000, 0.015, 150, 10, 10]": 4.7,
    "[64, 3, 'SuperPoint_GGhost', 4, 4000, 0.015, 150, 20, 10]": 6.43,
    "[16, 3, 'SuperPointNet_GhostNet', 4, 4000, 0.015, 150, 15, 10]": 5.98,
    "[16, 6, 'SuperPoint', 4, 4000, 0.015, 150, 6, 10]": 4.21,
    "[16, 3, 'SuperPointNet_MobileNet', 4, 4000, 0.015, 150, 20, 10]": 6.140000000000001,
    "[8, 6, 'SuperPoint', 4, 4000, 0.015, 150, 10, 10]": 3.84,
    "[8, 3, 'SuperPoint', 4, 4000, 0.015, 150, 6, 10]": 4.49,
    "[16, 6, 'SuperPointNet_GhostNet', 4, 4000, 0.015, 150, 15, 10]": 5.17,
    "[32, 3, 'SuperPointNet_GhostNet', 4, 4000, 0.015, 150, 3, 10]": 4.67,
    "[16, 3, 'SuperPointNet_GhostNet', 4, 4000, 0.015, 150, 3, 10]": 4.86,
    "[64, 6, 'SuperPointNet_MobileNet', 4, 4000, 0.015, 150, 3, 10]": 3.2600000000000002,
    "[16, 3, 'SuperPointNet_GhostNet', 4, 4000, 0.015, 150, 20, 10]": 5.91,
    "[16, 6, 'SuperPointNet_GhostNet', 4, 4000, 0.015, 150, 20, 10]": 5.08,
    "[16, 6, 'SuperPointNet_MobileNet', 4, 4000, 0.015, 150, 6, 10]": 4.7,
    "[16, 3, 'SuperPoint', 4, 4000, 0.015, 150, 20, 10]": 5.25,
    "[8, 6, 'SuperPoint', 4, 4000, 0.015, 150, 20, 10]": 3.9,
    "[64, 3, 'SuperPoint_GGhost', 4, 4000, 0.015, 150, 6, 10]": 5.5,
    "[48, 3, 'SuperPoint_GGhost', 4, 4000, 0.015, 150, 20, 10]": 5.96,
    "[8, 6, 'SuperPoint', 4, 4000, 0.015, 150, 6, 10]": 3.81,
    "[48, 3, 'SuperPoint_GGhost', 4, 4000, 0.015, 150, 15, 10]": 5.76,
    "[64, 6, 'SuperPoint_GGhost', 4, 4000, 0.015, 150, 3, 10]": 2.68,
    "[64, 6, 'SuperPoint', 4, 4000, 0.015, 150, 6, 10]": 3.97,
    "[64, 6, 'SuperPoint', 4, 4000, 0.015, 150, 20, 10]": 4.3500000000000005,
    "[48, 3, 'SuperPoint', 4, 4000, 0.015, 150, 3, 10]": 4.17,
    "[8, 6, 'SuperPoint', 4, 4000, 0.015, 150, 15, 10]": 4.16,
    "[16, 6, 'SuperPointNet_GhostNet', 4, 4000, 0.015, 150, 10, 10]": 4.95,
    "[64, 6, 'SuperPoint', 4, 4000, 0.015, 150, 10, 10]": 4.08,
    "[32, 3, 'SuperPoint_GGhost', 4, 4000, 0.015, 150, 10, 10]": 5.97,
    "[48, 6, 'SuperPoint', 4, 4000, 0.015, 150, 10, 10]": 4.34,
    "[64, 6, 'SuperPointNet_GhostNet', 4, 4000, 0.015, 150, 10, 10]": 4.47,
    "[48, 3, 'SuperPoint_GGhost', 4, 4000, 0.015, 150, 6, 10]": 5.16,
    "[8, 3, 'SuperPoint', 4, 4000, 0.015, 150, 15, 10]": 5.0200000000000005,
    "[16, 6, 'SuperPoint_GGhost', 4, 4000, 0.015, 150, 10, 10]": 5.38,
    "[64, 6, 'SuperPointNet_GhostNet', 4, 4000, 0.015, 150, 3, 10]": 3.97,
    "[48, 6, 'SuperPointNet_GhostNet', 4, 4000, 0.015, 150, 6, 10]": 4.18,
    "[32, 6, 'SuperPointNet_MobileNet', 4, 4000, 0.015, 150, 10, 10]": 5.95,
    "[8, 6, 'SuperPointNet_GhostNet', 4, 4000, 0.015, 150, 3, 10]": 4.0200000000000005,
    "[32, 6, 'SuperPointNet_MobileNet', 4, 4000, 0.015, 150, 3, 10]": 3.73,
    "[32, 6, 'SuperPointNet_GhostNet', 4, 4000, 0.015, 150, 3, 10]": 4.86,
    "[48, 6, 'SuperPointNet_MobileNet', 4, 4000, 0.015, 150, 15, 10]": 4.96,
    "[64, 6, 'SuperPoint', 4, 4000, 0.015, 150, 15, 10]": 4.44,
    "[16, 3, 'SuperPoint', 4, 4000, 0.015, 150, 6, 10]": 4.89,
    "[32, 3, 'SuperPointNet_MobileNet', 4, 4000, 0.015, 150, 10, 10]": 5.63,
    "[8, 6, 'SuperPoint_GGhost', 4, 4000, 0.015, 150, 10, 10]": 4.8100000000000005,
    "[16, 6, 'SuperPointNet_MobileNet', 4, 4000, 0.015, 150, 15, 10]": 5.08,
    "[32, 3, 'SuperPoint', 4, 4000, 0.015, 150, 6, 10]": 4.7,
    "[48, 3, 'SuperPointNet_GhostNet', 4, 4000, 0.015, 150, 10, 10]": 4.88,
    "[48, 3, 'SuperPoint', 4, 4000, 0.015, 150, 10, 10]": 4.4,
    "[64, 3, 'SuperPointNet_MobileNet', 4, 4000, 0.015, 150, 3, 10]": 3.52,
    "[8, 3, 'SuperPoint', 4, 4000, 0.015, 150, 20, 10]": 4.76,
    "[48, 6, 'SuperPoint_GGhost', 4, 4000, 0.015, 150, 6, 10]": 5.01,
    "[16, 3, 'SuperPointNet_GhostNet', 4, 4000, 0.015, 150, 10, 10]": 5.72,
    "[48, 3, 'SuperPoint', 4, 4000, 0.015, 150, 6, 10]": 4.2700000000000005,
    "[8, 3, 'SuperPoint_GGhost', 4, 4000, 0.015, 150, 10, 10]": 5.73,
    "[16, 6, 'SuperPointNet_GhostNet', 4, 4000, 0.015, 150, 3, 10]": 4.32,
    "[16, 3, 'SuperPointNet_GhostNet', 4, 4000, 0.015, 150, 6, 10]": 4.87,
    "[32, 6, 'SuperPoint_GGhost', 4, 4000, 0.015, 150, 3, 10]": 2.92,
    "[48, 3, 'SuperPointNet_MobileNet', 4, 4000, 0.015, 150, 6, 10]": 4.64,
    "[32, 3, 'SuperPointNet_MobileNet', 4, 4000, 0.015, 150, 15, 10]": 5.76,
    "[16, 6, 'SuperPoint', 4, 4000, 0.015, 150, 3, 10]": 4.1,
    "[32, 6, 'SuperPoint_GGhost', 4, 4000, 0.015, 150, 20, 10]": 7.46,
    "[32, 3, 'SuperPoint_GGhost', 4, 4000, 0.015, 150, 20, 10]": 6.97,
    "[48, 6, 'SuperPointNet_GhostNet', 4, 4000, 0.015, 150, 3, 10]": 4.17,
    "[32, 3, 'SuperPoint', 4, 4000, 0.015, 150, 3, 10]": 4.57,
    "[64, 6, 'SuperPoint_GGhost', 4, 4000, 0.015, 150, 6, 10]": 4.7,
    "[48, 6, 'SuperPointNet_GhostNet', 4, 4000, 0.015, 150, 20, 10]": 5.05,
    "[48, 3, 'SuperPointNet_GhostNet', 4, 4000, 0.015, 150, 3, 10]": 4.26,
    "[48, 6, 'SuperPoint_GGhost', 4, 4000, 0.015, 150, 10, 10]": 5.09,
    "[16, 3, 'SuperPointNet_MobileNet', 4, 4000, 0.015, 150, 15, 10]": 5.86,
    "[32, 3, 'SuperPointNet_GhostNet', 4, 4000, 0.015, 150, 20, 10]": 5.89,
    "[64, 6, 'SuperPointNet_MobileNet', 4, 4000, 0.015, 150, 10, 10]": 4.57,
    "[64, 3, 'SuperPointNet_GhostNet', 4, 4000, 0.015, 150, 15, 10]": 5.5200000000000005,
    "[64, 3, 'SuperPointNet_GhostNet', 4, 4000, 0.015, 150, 20, 10]": 5.55,
    "[8, 3, 'SuperPoint_GGhost', 4, 4000, 0.015, 150, 20, 10]": 6.33,
    "[8, 3, 'SuperPointNet_MobileNet', 4, 4000, 0.015, 150, 3, 10]": 3.7,
    "[16, 3, 'SuperPoint_GGhost', 4, 4000, 0.015, 150, 6, 10]": 6.18,
    "[32, 3, 'SuperPoint', 4, 4000, 0.015, 150, 20, 10]": 5.28,
    "[48, 6, 'SuperPoint_GGhost', 4, 4000, 0.015, 150, 20, 10]": 5.74,
    "[16, 6, 'SuperPointNet_GhostNet', 4, 4000, 0.015, 150, 6, 10]": 4.32,
    "[48, 3, 'SuperPointNet_MobileNet', 4, 4000, 0.015, 150, 20, 10]": 5.39,
    "[32, 3, 'SuperPointNet_MobileNet', 4, 4000, 0.015, 150, 20, 10]": 6.15,
    "[48, 3, 'SuperPointNet_GhostNet', 4, 4000, 0.015, 150, 6, 10]": 4.2700000000000005,
    "[16, 6, 'SuperPointNet_MobileNet', 4, 4000, 0.015, 150, 20, 10]": 5.24,
    "[64, 6, 'SuperPoint', 4, 4000, 0.015, 150, 3, 10]": 3.89,
    "[32, 6, 'SuperPoint_GGhost', 4, 4000, 0.015, 150, 10, 10]": 6.3100000000000005,
    "[48, 3, 'SuperPoint_GGhost', 4, 4000, 0.015, 150, 3, 10]": 2.81,
    "[8, 3, 'SuperPointNet_MobileNet', 4, 4000, 0.015, 150, 10, 10]": 5.39,
    "[48, 3, 'SuperPointNet_MobileNet', 4, 4000, 0.015, 150, 15, 10]": 5.09,
    "[32, 6, 'SuperPoint_GGhost', 4, 4000, 0.015, 150, 15, 10]": 7.13,
    "[64, 6, 'SuperPoint_GGhost', 4, 4000, 0.015, 150, 15, 10]": 5.17,
    "[16, 3, 'SuperPointNet_MobileNet', 4, 4000, 0.015, 150, 3, 10]": 3.79,
    "[48, 6, 'SuperPoint', 4, 4000, 0.015, 150, 3, 10]": 4.12,
    "[64, 6, 'SuperPointNet_MobileNet', 4, 4000, 0.015, 150, 6, 10]": 4.28,
    "[48, 3, 'SuperPointNet_MobileNet', 4, 4000, 0.015, 150, 10, 10]": 4.99,
    "[32, 6, 'SuperPoint', 4, 4000, 0.015, 150, 3, 10]": 4.84,