{
    "['Raw', 4, 4000, 0.015, 150, 3, 10]": 0.033950895218454485, 
    "['SuperPoint', 4, 4000, 0.015, 150, 3, 10]": 0.022552194133345537,
    "['SuperPointNet_GhostNet', 4, 4000, 0.015, 150, 3, 10]": 0.02838251342161658,
    "['SuperPoint_GGhost', 4, 4000, 0.015, 150, 3, 10]": 0.056728079298404746,
    "['SuperPointNet_MobileNet', 4, 4000, 0.015, 150, 3, 10]": 0.04292578974288375,
    "['Raw', 4, 4000, 0.015, 150, 6, 10]": 0.021693866025402957,
    "['SuperPoint', 4, 4000, 0.015, 150, 6, 10]": 0.020960706442966277,
    "['SuperPointNet_GhostNet', 4, 4000, 0.015, 150, 6, 10]": 0.028157142792658952,
    "['SuperPoint_GGhost', 4, 4000, 0.015, 150, 6, 10]": 0.016384853479996093,
    "['SuperPointNet_MobileNet', 4, 4000, 0.015, 150, 6, 10]": 0.022044316345392067,
    "['Raw', 4, 4000, 0.015, 150, 10, 10]": 0.01444225844535992,
    "['SuperPoint', 4, 4000, 0.015, 150, 10, 10]": 0.017992939910393444,
    "['SuperPointNet_GhostNet', 4, 4000, 0.015, 150, 10, 10]": 0.018245479506142057,
    "['SuperPoint_GGhost', 4, 4000, 0.015, 150, 10, 10]": 0.014530470752848792,
    "['SuperPointNet_MobileNet', 4, 4000, 0.015, 150, 10, 10]": 0.01642866005940876,
    "['Raw', 4, 4000, 0.015, 150, 15, 10]": 0.011738684740077714, 
    "['SuperPoint', 4, 4000, 0.015, 150, 15, 10]": 0.012878752808481289,
    "['SuperPointNet_GhostNet', 4, 4000, 0.015, 150, 15, 10]": 0.013838947389834377,
    "['SuperPoint_GGhost', 4, 4000, 0.015, 150, 15, 10]": 0.007899331987308167,
    "['SuperPointNet_MobileNet', 4, 4000, 0.015, 150, 15, 10]": 0.01503862678379957,
    "['Raw', 4, 4000, 0.015, 150, 20, 10]": 0.01131783508755316, 
    "['SuperPoint', 4, 4000, 0.015, 150, 20, 10]": 0.010828912950316346,
    "['SuperPointNet_GhostNet', 4, 4000, 0.015, 150, 20, 10]": 0.013307271446566408,
    "['SuperPoint_GGhost', 4, 4000, 0.015, 150, 20, 10]": 0.0053876279280817615,
    "['SuperPointNet_MobileNet', 4, 4000, 0.015, 150, 20, 10]": 0.011434444848719475
}